set	source	rsid	gold_standard_gene_id	condifence	varid_ambiguous	varid	gene_id	overallScore	dhscor_thurman2012	eqtl_gtex_v7	fantom5_andersson2014	fpred_vep	pchic_javierre2016	pqtl_sun2018	normalisedScore
ProGeM	23824729	rs1801133	ENSG00000177000	High	False	1_11856378_G_A	ENSG00000177000	0.3190332326283988	0.0	0.6	0.0	0.66	0.0	0.0	1.0
ProGeM	Twins UK/Kora	rs532545	ENSG00000158825	High	False	1_20915172_C_T	ENSG00000158825	0.1993957703927492	0.0	1.0	0.0	0.0	0.0	0.0	1.0
ProGeM	20558539	rs1697421	ENSG00000162551	High	False	1_21823292_C_T	ENSG00000162551	0.1595166163141994	0.0	0.8	0.0	0.0	0.0	0.0	0.8000000000000002
ProGeM	GLGC	rs10903129	ENSG00000157978	High	False	1_25768937_A_G	ENSG00000157978	0.0	0.0	0.0	0.0	0.0	0.0	0.0	0.0
ProGeM	26068415	rs7529794	ENSG00000168389	High	False	1_40403370_G_T	ENSG00000168389	0.0996978851963746	0.0	0.5	0.0	0.0	0.0	0.0	1.0
ProGeM	23824729	rs4660306	ENSG00000132763	High	False	1_45978675_T_C	ENSG00000132763	0.1595166163141994	0.0	0.8	0.0	0.0	0.0	0.0	0.761904761904762
ProGeM	24816252	rs7542172	ENSG00000117448	High	False	1_46990681_G_A	ENSG00000117448	0.11963746223564953	0.0	0.0	0.0	0.0	0.0	0.6	0.8
ProGeM	24816252	rs6678639	ENSG00000187048	High	False	1_47331966_A_G	ENSG00000187048	0.13957703927492446	0.0	0.7	0.0	0.0	0.0	0.0	1.0
ProGeM	Twins UK/Kora	rs13375749	ENSG00000157184	High	False	1_53695882_T_C	ENSG00000157184	0.0	0.0	0.0	0.0	0.0	0.0	0.0	0.0
ProGeM	23408906	rs2235544	ENSG00000211452	High	False	1_54375570_C_A	ENSG00000211452	0.0	0.0	0.0	0.0	0.0	0.0	0.0	0.0
ProGeM	GLGC	rs4587594	ENSG00000132855	High	False	1_63133930_G_A	ENSG00000132855	0.0797583081570997	0.0	0.4	0.0	0.0	0.0	0.0	0.4000000000000001
ProGeM	24816252	rs4949874	ENSG00000117054	High	False	1_76161889_T_C	ENSG00000117054	0.1993957703927492	0.0	1.0	0.0	0.0	0.0	0.0	1.0
ProGeM	24159190	rs28489187	ENSG00000153904	High	False	1_85797110_A_G	ENSG00000153904	0.0	0.0	0.0	0.0	0.0	0.0	0.0	0.0
ProGeM	21502573	rs12029080	ENSG00000117525	High	False	1_95053353_T_G	ENSG00000117525	0.03987915407854985	0.0	0.2	0.0	0.0	0.0	0.0	0.8
ProGeM	GLGC	rs646776	ENSG00000134243	High	False	1_109818530_C_T	ENSG00000134243	0.2990936555891238	0.0	1.0	0.0	0.0	1.0	0.0	1.0
ProGeM	Twins UK/Kora	rs12141041	ENSG00000116882	High	False	1_119952776_T_C	ENSG00000116882	0.0	0.0	0.0	0.0	0.0	0.0	0.0	0.0
ProGeM	24816252	rs1163251	ENSG00000092621	High	False	1_120209755_T_C	ENSG00000092621	0.1595166163141994	0.0	0.8	0.0	0.0	0.0	0.0	1.0
ProGeM	23263486	rs1471633	ENSG00000174827	High	False	1_145723739_A_C	ENSG00000174827	0.1595166163141994	0.0	0.8	0.0	0.0	0.0	0.0	1.0
ProGeM	23720494	rs2769264	ENSG00000143416	High	False	1_151344741_T_G	ENSG00000143416	0.1993957703927492	0.0	1.0	0.0	0.0	0.0	0.0	1.0
ProGeM	24816252	rs6693388	ENSG00000159445	High	False	1_151930645_T_C	ENSG00000159445	0.17945619335347432	0.0	0.9	0.0	0.0	0.0	0.0	0.9000000000000002
ProGeM	20700443	rs4072037	ENSG00000185499	High	False	1_155162067_C_T	ENSG00000185499	0.25921450151057396	0.0	0.8	0.0	0.33	0.0	0.0	1.0
ProGeM	GLGC	rs12145743	ENSG00000163382	High	False	1_156700651_T_G	ENSG00000163382	0.0	0.0	0.0	0.0	0.0	0.0	0.0	0.0
ProGeM	27005778	rs4503368	ENSG00000158874	High	False	1_161190250_T_C	ENSG00000158874	0.0	0.0	0.0	0.0	0.0	0.0	0.0	0.0
ProGeM	21502573	rs6687813	ENSG00000198734	High	False	1_169477574_A_C	ENSG00000198734	0.0	0.0	0.0	0.0	0.0	0.0	0.0	0.0
ProGeM	24816252	rs7061710	ENSG00000007933	High	False	1_171080615_G_C	ENSG00000007933	0.17945619335347432	0.0	0.9	0.0	0.0	0.0	0.0	1.0
ProGeM	Twins UK/Kora	rs7535263	ENSG00000000971	High	False	1_196682346_G_A	ENSG00000000971	0.3190332326283988	0.0	0.6	0.0	0.0	0.0	1.0	1.0
ProGeM	23362303	rs11119805	ENSG00000123684	High	False	1_211918244_T_A	ENSG00000123684	0.21933534743202412	0.0	0.9	0.0	0.0	0.4	0.0	1.0
ProGeM	26025379	rs1776029	ENSG00000196660	High	False	1_220080028_A_G	ENSG00000196660	0.0	0.0	0.0	0.0	0.0	0.0	0.0	0.0
ProGeM	GLGC	rs4846914	ENSG00000143641	High	False	1_230295691_G_A	ENSG00000143641	0.0	0.0	0.0	0.0	0.0	0.0	0.0	0.0
ProGeM	GLGC	rs558971	ENSG00000168264	High	False	1_234853406_A_G	ENSG00000168264	0.0797583081570997	0.0	0.0	0.0	0.0	0.8	0.0	0.4000000000000001
ProGeM	23824729	rs2275565	ENSG00000116984	High	False	1_237048676_G_T	ENSG00000116984	0.11963746223564953	0.0	0.6	0.0	0.0	0.0	0.0	1.0
ProGeM	GLGC	rs1367117	ENSG00000084674	High	False	2_21263900_G_A	ENSG00000084674	0.3389728096676736	0.0	0.7	0.0	0.66	0.0	0.0	1.0
ProGeM	24816252	rs1395	ENSG00000138074	High	False	2_27424636_G_A	ENSG00000138074	0.3688821752265861	0.5	0.6	0.0	0.66	0.0	0.0	1.0
ProGeM	24816252	rs559555	ENSG00000049319	High	False	2_31810974_T_A	ENSG00000049319	0.0	0.0	0.0	0.0	0.0	0.0	0.0	0.0
ProGeM	22286219	rs2160387	ENSG00000115902	High	False	2_65220910_T_C	ENSG00000115902	0.1993957703927492	0.0	1.0	0.0	0.0	0.0	0.0	1.0
ProGeM	24816252	rs13538	ENSG00000144035	High	False	2_73868328_A_G	ENSG00000144035	0.3788519637462235	0.0	0.9	0.0	0.66	0.0	0.0	1.0
ProGeM	GLGC	rs10490626	ENSG00000125629	High	False	2_118835841_G_A	ENSG00000125629	0.0	0.0	0.0	0.0	0.0	0.0	0.0	0.0
ProGeM	24816252	rs6430553	ENSG00000153086	High	False	2_135631400_C_T	ENSG00000153086	0.0	0.0	0.0	0.0	0.0	0.0	0.0	0.0
ProGeM	20081858	rs560887	ENSG00000152254	High	False	2_169763148_T_C	ENSG00000152254	0.17945619335347432	0.0	0.9	0.0	0.0	0.0	0.0	1.0
ProGeM	24097068	rs2287623	ENSG00000073734	High	False	2_169830155_G_A	ENSG00000073734	0.0	0.0	0.0	0.0	0.0	0.0	0.0	0.0
ProGeM	26068415	rs7582179	ENSG00000018510	High	False	2_178370631_A_G	ENSG00000018510	0.03987915407854985	0.0	0.2	0.0	0.0	0.0	0.0	0.5
ProGeM	24816252	rs3738934	ENSG00000115361	High	False	2_210874246_T_C	ENSG00000115361	0.0	0.0	0.0	0.0	0.0	0.0	0.0	0.0
ProGeM	27005778	rs1047891	ENSG00000021826	High	False	2_211540507_C_A	ENSG00000021826	0.1993957703927492	0.0	0.0	0.0	0.66	0.0	0.0	1.0
ProGeM	24068962	rs1550532	ENSG00000144481	High	False	2_234264848_C_G	ENSG00000144481	0.0	0.0	0.0	0.0	0.0	0.0	0.0	0.0
ProGeM	19414484	rs6742078	ENSG00000242366	High	False	2_234672639_G_T	ENSG00000242366	0.0	0.0	0.0	0.0	0.0	0.0	0.0	0.0
ProGeM	26352407	rs6748734	ENSG00000172482	High	False	2_241837452_A_G	ENSG00000172482	0.1595166163141994	0.0	0.4	0.0	0.0	0.8	0.0	0.8888888888888888
ProGeM	GLGC	rs7616006	ENSG00000132170	High	False	3_12267648_A_G	ENSG00000132170	0.0	0.0	0.0	0.0	0.0	0.0	0.0	0.0
ProGeM	24816252	rs6804368	ENSG00000144644	High	False	3_30753573_A_G	ENSG00000144644	0.17945619335347432	0.0	0.9	0.0	0.0	0.0	0.0	1.0
ProGeM	26352407	rs3132440	ENSG00000093217	High	False	3_38395562_T_C	ENSG00000093217	0.0	0.0	0.0	0.0	0.0	0.0	0.0	0.0
ProGeM	26352407	rs17279437	ENSG00000163817	High	False	3_45814094_G_A	ENSG00000163817	0.1993957703927492	0.0	0.0	0.0	0.66	0.0	0.0	1.0
ProGeM	24816252	rs4687717	ENSG00000163931	High	False	3_53282188_T_C	ENSG00000163931	0.11963746223564953	0.0	0.6	0.0	0.0	0.0	0.0	1.0
ProGeM	24816252	rs17806888	ENSG00000172340	High	False	3_67416322_T_C	ENSG00000172340	0.0996978851963746	0.0	0.5	0.0	0.0	0.0	0.0	1.0
ProGeM	24068962	rs1801725	ENSG00000036828	High	False	3_122003757_G_T	ENSG00000036828	0.1993957703927492	0.0	0.0	0.0	0.66	0.0	0.0	1.0
ProGeM	23823483	rs9844948	ENSG00000114491	High	False	3_124451064_C_A	ENSG00000114491	0.11963746223564953	0.0	0.6	0.0	0.0	0.0	0.0	0.6000000000000001
ProGeM	24651765	rs10934753	ENSG00000144908	High	False	3_125906179_G_A	ENSG00000144908	0.0797583081570997	0.0	0.4	0.0	0.0	0.0	0.0	1.0
ProGeM	MAGIC	rs1280	ENSG00000163581	High	False	3_170713290_T_C	ENSG00000163581	0.059818731117824764	0.0	0.3	0.0	0.0	0.0	0.0	0.7499999999999999
ProGeM	24816252	rs2270968	ENSG00000078070	High	False	3_182755209_T_G	ENSG00000078070	0.3987915407854984	0.0	1.0	0.0	0.66	0.0	0.0	1.0
ProGeM	MAGIC	rs7651090	ENSG00000073792	High	False	3_185513392_A_G	ENSG00000073792	0.13957703927492446	0.0	0.7	0.0	0.0	0.0	0.0	1.0
ProGeM	24816252	rs5030062	ENSG00000113889	High	False	3_186454180_A_C	ENSG00000113889	0.0	0.0	0.0	0.0	0.0	0.0	0.0	0.0
ProGeM	GLGC	rs6831256	ENSG00000163956	High	False	4_3473139_A_G	ENSG00000163956	0.13957703927492446	0.0	0.7	0.0	0.0	0.0	0.0	0.7777777777777777
ProGeM	23263486	rs12498742	ENSG00000109667	High	False	4_9944052_A_G	ENSG00000109667	0.0	0.0	0.0	0.0	0.0	0.0	0.0	0.0
ProGeM	22359512	rs13106975	ENSG00000145246	High	False	4_47551863_T_G	ENSG00000145246	0.0	0.0	0.0	0.0	0.0	0.0	0.0	0.0
ProGeM	25293881	rs34100980	ENSG00000109181	High	False	4_69673553_C_A	ENSG00000109181	0.0	0.0	0.0	0.0	0.0	0.0	0.0	0.0
ProGeM	20541252	rs2282679	ENSG00000145321	High	False	4_72608383_T_G	ENSG00000145321	0.0	0.0	0.0	0.0	0.0	0.0	0.0	0.0
ProGeM	23263486	rs2231142	ENSG00000118777	High	False	4_89052323_G_T	ENSG00000118777	0.1993957703927492	0.0	0.0	0.0	0.66	0.0	0.0	1.0
ProGeM	27005778	rs9637599	ENSG00000163644	High	False	4_89206230_A_C	ENSG00000163644	0.0797583081570997	0.0	0.4	0.0	0.0	0.0	0.0	0.4000000000000001
ProGeM	24816252	rs13122250	ENSG00000151790	High	False	4_156808288_C_T	ENSG00000151790	0.0	0.0	0.0	0.0	0.0	0.0	0.0	0.0
ProGeM	Twins UK/Kora	rs8396	ENSG00000171503	High	False	4_159630817_T_C	ENSG00000171503	0.1993957703927492	0.0	1.0	0.0	0.0	0.0	0.0	0.7692307692307692
ProGeM	23823483	rs4690522	ENSG00000038002	High	False	4_178361051_C_A	ENSG00000038002	0.1993957703927492	0.0	1.0	0.0	0.0	0.0	0.0	1.0
ProGeM	26068415	rs7700133	ENSG00000151726	High	False	4_185773811_C_T	ENSG00000151726	0.11963746223564953	0.6	0.0	0.0	0.0	0.6	0.0	1.0
ProGeM	24816252	rs4253311	ENSG00000164344	High	False	4_187174683_A_G	ENSG00000164344	0.0	0.0	0.0	0.0	0.0	0.0	0.0	0.0
ProGeM	26352407	rs37369	ENSG00000113492	High	False	5_35037115_C_T	ENSG00000113492	0.1993957703927492	0.0	0.0	0.0	0.66	0.0	0.0	1.0
ProGeM	GLGC	rs12916	ENSG00000113161	High	False	5_74656539_T_C	ENSG00000113161	0.059818731117824764	0.0	0.3	0.0	0.0	0.0	0.0	0.42857142857142855
ProGeM	24816252	rs16876394	ENSG00000145692	High	False	5_78346769_T_C	ENSG00000145692	0.0797583081570997	0.0	0.4	0.0	0.0	0.0	0.0	0.5714285714285715
ProGeM	MAGIC	rs4869272	ENSG00000175426	High	False	5_95539448_C_T	ENSG00000175426	0.23927492447129906	0.0	0.2	0.0	0.0	0.0	1.0	1.0
ProGeM	24816252	rs272889	ENSG00000197375	High	False	5_131665378_A_G	ENSG00000197375	0.1993957703927492	0.0	1.0	0.0	0.0	0.0	0.0	1.0
ProGeM	24816252	rs2731672	ENSG00000131187	High	False	5_176842474_T_C	ENSG00000131187	0.1993957703927492	0.0	1.0	0.0	0.0	0.0	0.0	1.0
ProGeM	24816252	rs9392556	ENSG00000198721	High	False	6_4146198_T_C	ENSG00000198721	0.17945619335347432	0.0	0.9	0.0	0.0	0.0	0.0	0.9000000000000002
ProGeM	21829377	rs3734398	ENSG00000197977	High	False	6_10982973_T_C	ENSG00000197977	0.0996978851963746	0.0	0.5	0.0	0.0	0.0	0.0	0.6249999999999999
ProGeM	GLGC	rs3757354	ENSG00000007944	High	False	6_16127407_C_T	ENSG00000007944	0.0	0.0	0.0	0.0	0.0	0.0	0.0	0.0
ProGeM	24816252	rs6459467	ENSG00000137198	High	False	6_16288192_G_A	ENSG00000137198	0.1595166163141994	0.0	0.8	0.0	0.0	0.0	0.0	1.0
ProGeM	25352340	rs1800562	ENSG00000010704	High	False	6_26093141_G_A	ENSG00000010704	0.1993957703927492	0.0	0.0	0.0	0.66	0.0	0.0	1.0
ProGeM	22359512	rs1061808	ENSG00000204310	High	False	6_32136547_T_G	ENSG00000204310	0.1993957703927492	0.0	1.0	0.0	0.0	0.0	0.0	1.0
ProGeM	24651765	rs9296404	ENSG00000124713	High	False	6_42925803_T_C	ENSG00000124713	0.3987915407854984	0.0	1.0	0.0	0.0	0.0	1.0	1.0
ProGeM	23824729	rs9369898	ENSG00000146085	High	False	6_49382193_G_A	ENSG00000146085	0.17945619335347432	0.0	0.9	0.0	0.0	0.0	0.0	0.9000000000000002
ProGeM	21886157	rs494562	ENSG00000135318	High	False	6_86117129_A_G	ENSG00000135318	0.1993957703927492	0.0	1.0	0.0	0.0	0.0	0.0	1.0
ProGeM	26401656	rs12210538	ENSG00000004809	High	False	6_110760008_A_G	ENSG00000004809	0.1993957703927492	0.0	0.0	0.0	0.66	0.0	0.0	1.0
ProGeM	27005778	rs14399	ENSG00000112394	High	False	6_111543944_C_A	ENSG00000112394	0.049848942598187305	0.0	0.0	0.0	0.0	0.5	0.0	0.35714285714285715
ProGeM	25245031	rs2248551	ENSG00000118520	High	False	6_131924689_G_A	ENSG00000118520	0.1993957703927492	0.0	1.0	0.0	0.0	0.0	0.0	1.0
ProGeM	Twins UK/Kora	rs662138	ENSG00000175003	High	False	6_160564476_C_G	ENSG00000175003	0.0	0.0	0.0	0.0	0.0	0.0	0.0	0.0
ProGeM	GLGC	rs10455872	ENSG00000198670	High	False	6_161010118_A_G	ENSG00000198670	0.0	0.0	0.0	0.0	0.0	0.0	0.0	0.0
ProGeM	21886157	rs12670403	ENSG00000106546	High	False	7_17309279_C_A	ENSG00000106546	0.0	0.0	0.0	0.0	0.0	0.0	0.0	0.0
ProGeM	MAGIC	rs6975024	ENSG00000106633	High	False	7_44231886_T_C	ENSG00000106633	0.13957703927492446	0.0	0.7	0.0	0.0	0.0	0.0	1.0
ProGeM	GLGC	rs2073547	ENSG00000015520	High	False	7_44582331_A_G	ENSG00000015520	0.0996978851963746	0.0	0.5	0.0	0.0	0.0	0.0	0.7142857142857142
ProGeM	Twins UK/Kora	rs2686796	ENSG00000183696	High	False	7_48102911_C_T	ENSG00000183696	0.2093655589123867	0.0	1.0	0.0	0.0	0.1	0.0	1.0
ProGeM	Twins UK/Kora	rs7809234	ENSG00000132437	High	False	7_50610379_A_T	ENSG00000132437	0.0	0.0	0.0	0.0	0.0	0.0	0.0	0.0
ProGeM	26068415	rs4947534	ENSG00000146733	High	False	7_56079094_T_C	ENSG00000146733	0.0	0.0	0.0	0.0	0.0	0.0	0.0	0.0
ProGeM	24068962	rs17711722	ENSG00000169919	High	False	7_65271197_C_T	ENSG00000169919	0.0	0.0	0.0	0.0	0.0	0.0	0.0	0.0
ProGeM	28334899	rs17145738	ENSG00000009950	High	False	7_72982874_C_T	ENSG00000009950	0.1993957703927492	0.0	1.0	0.0	0.0	0.0	0.0	1.0
ProGeM	23726366	rs2366858	ENSG00000135218	High	False	7_80340622_C_A	ENSG00000135218	0.0996978851963746	0.0	0.5	0.0	0.0	0.0	0.0	1.0
ProGeM	25352340	rs7385804	ENSG00000106327	High	False	7_100235970_C_A	ENSG00000106327	0.1595166163141994	0.0	0.8	0.0	0.0	0.0	0.0	0.8000000000000002
ProGeM	GLGC	rs38855	ENSG00000105974	High	False	7_116358044_A_G	ENSG00000105974	0.0	0.0	0.0	0.0	0.0	0.0	0.0	0.0
ProGeM	24816252	rs1005390	ENSG00000002726	High	False	7_150543721_T_G	ENSG00000002726	0.1993957703927492	0.0	1.0	0.0	0.0	0.0	0.0	1.0
ProGeM	24816252	rs4921914	ENSG00000156006	High	False	8_18272438_C_T	ENSG00000156006	0.0	0.0	0.0	0.0	0.0	0.0	0.0	0.0
ProGeM	GLGC	rs12678919	ENSG00000175445	High	False	8_19844222_A_G	ENSG00000175445	0.0996978851963746	0.0	0.5	0.0	0.0	0.0	0.0	1.0
ProGeM	24816252	rs2160860	ENSG00000131203	High	False	8_39823145_A_T	ENSG00000131203	0.0797583081570997	0.0	0.4	0.0	0.0	0.0	0.0	1.0
ProGeM	GLGC	rs4738684	ENSG00000167910	High	False	8_59393273_A_G	ENSG00000167910	0.0	0.0	0.0	0.0	0.0	0.0	0.0	0.0
ProGeM	24816252	rs1030420	ENSG00000147576	High	False	8_67360725_C_T	ENSG00000147576	0.17945619335347432	0.0	0.9	0.0	0.0	0.0	0.0	1.0
ProGeM	23518928	rs1864729	ENSG00000180543	High	False	8_98282189_G_A	ENSG00000180543	0.059818731117824764	0.0	0.3	0.0	0.0	0.0	0.0	1.0
ProGeM	GLGC	rs10087900	ENSG00000182851	High	False	8_144303418_G_A	ENSG00000182851	0.1993957703927492	0.0	1.0	0.0	0.0	0.0	0.0	1.0
ProGeM	24816252	rs12550729	ENSG00000178814	High	False	8_145155408_C_T	ENSG00000178814	0.1595166163141994	0.0	0.8	0.0	0.0	0.0	0.0	0.8000000000000002
ProGeM	26401656	rs750472	ENSG00000167701	High	False	8_145701453_A_C	ENSG00000167701	0.0	0.0	0.0	0.0	0.0	0.0	0.0	0.0
ProGeM	GLGC	rs3780181	ENSG00000147852	High	False	9_2640759_A_G	ENSG00000147852	0.0	0.0	0.0	0.0	0.0	0.0	0.0	0.0
ProGeM	27005778	rs140348140	ENSG00000178445	High	False	9_5877295_T_TA	ENSG00000178445	0.0	0.0	0.0	0.0	0.0	0.0	0.0	0.0
ProGeM	20700443	rs11144134	ENSG00000119121	High	False	9_77499796_T_C	ENSG00000119121	0.0	0.0	0.0	0.0	0.0	0.0	0.0	0.0
ProGeM	23408906	rs7045138	ENSG00000178919	High	False	9_100591463_C_T	ENSG00000178919	0.1993957703927492	0.0	1.0	0.0	0.0	0.0	0.0	1.0
ProGeM	GLGC	rs1883025	ENSG00000165029	High	False	9_107664301_C_T	ENSG00000165029	0.0	0.0	0.0	0.0	0.0	0.0	0.0	0.0
ProGeM	25820613	rs1805313	ENSG00000148218	High	False	9_116151191_A_G	ENSG00000148218	0.11963746223564953	0.0	0.6	0.0	0.0	0.0	0.0	1.0
ProGeM	24816252	rs15676	ENSG00000171097	High	False	9_131572027_G_A	ENSG00000171097	0.03987915407854985	0.0	0.2	0.0	0.0	0.0	0.0	0.20000000000000004
ProGeM	26401656	rs746872	ENSG00000095321	High	False	9_131865027_C_T	ENSG00000095321	0.1993957703927492	0.0	1.0	0.0	0.0	0.0	0.0	1.0
ProGeM	23408906	rs7860634	ENSG00000107187	High	False	9_139089679_G_A	ENSG00000107187	0.0	0.0	0.0	0.0	0.0	0.0	0.0	0.0
ProGeM	24816252	rs17134585	ENSG00000198610	High	False	10_5256272_T_C	ENSG00000198610	0.0	0.0	0.0	0.0	0.0	0.0	0.0	0.0
ProGeM	25147783	rs1801222	ENSG00000107611	High	False	10_17156151_A_G	ENSG00000107611	0.23927492447129906	0.0	0.0	0.0	0.66	0.4	0.0	1.0
ProGeM	26068415	rs1171614	ENSG00000165449	High	False	10_61469538_T_C	ENSG00000165449	0.1595166163141994	0.0	0.8	0.0	0.0	0.0	0.0	1.0
ProGeM	21878437	rs10882272	ENSG00000138207	High	False	10_95348182_T_C	ENSG00000138207	0.11963746223564953	0.0	0.1	0.0	0.0	0.0	0.5	1.0
ProGeM	24528284	rs1074145	ENSG00000165841	High	False	10_96681846_G_A	ENSG00000165841	0.1993957703927492	0.0	1.0	0.0	0.0	0.0	0.0	1.0
ProGeM	24816252	rs56322409	ENSG00000059573	High	False	10_97395962_T_C	ENSG00000059573	0.17945619335347432	0.0	0.9	0.0	0.0	0.0	0.0	1.0
ProGeM	24816252	rs603424	ENSG00000099194	High	False	10_102075479_G_A	ENSG00000099194	0.11963746223564953	0.0	0.6	0.0	0.0	0.0	0.0	1.0
ProGeM	22383894	rs9527	ENSG00000214435	High	False	10_104623578_C_T	ENSG00000214435	0.1993957703927492	0.0	1.0	0.0	0.0	0.0	0.0	1.0
ProGeM	24816252	rs11101730	ENSG00000148832	High	False	10_135197336_A_T	ENSG00000148832	0.13957703927492446	0.0	0.7	0.0	0.0	0.0	0.0	1.0
ProGeM	20541252	rs10741657	ENSG00000186104	High	False	11_14914878_A_G	ENSG00000186104	0.0	0.0	0.0	0.0	0.0	0.0	0.0	0.0
ProGeM	24816252	rs2403254	ENSG00000134333	High	False	11_18325146_C_T	ENSG00000134333	0.23927492447129906	0.0	1.0	0.0	0.0	0.4	0.0	1.0
ProGeM	24816252	rs174548	ENSG00000149485	High	False	11_61571348_C_G	ENSG00000149485	0.1993957703927492	0.0	1.0	0.0	0.0	0.0	0.0	1.0
ProGeM	Twins UK/Kora	rs3017098	ENSG00000162174	High	False	11_62176943_A_G	ENSG00000162174	0.0	0.0	0.0	0.0	0.0	0.0	0.0	0.0
ProGeM	22797727	rs504915	ENSG00000197891	High	False	11_64464085_T_A	ENSG00000197891	0.0	0.0	0.0	0.0	0.0	0.0	0.0	0.0
ProGeM	24625756	rs12288023	ENSG00000132744	High	False	11_67421341_T_C	ENSG00000132744	0.019939577039274924	0.0	0.1	0.0	0.0	0.0	0.0	1.0
ProGeM	20541252	rs12785878	ENSG00000172893	High	False	11_71167449_G_T	ENSG00000172893	0.0996978851963746	0.0	0.5	0.0	0.0	0.0	0.0	0.5
ProGeM	GLGC	rs499974	ENSG00000062282	High	False	11_75455021_C_A	ENSG00000062282	0.029909365558912382	0.3	0.0	0.0	0.0	0.0	0.0	0.7499999999999999
ProGeM	23824729	rs7130284	ENSG00000134612	High	False	11_89148372_C_T	ENSG00000134612	0.0	0.0	0.0	0.0	0.0	0.0	0.0	0.0
ProGeM	MAGIC	rs10830963	ENSG00000134640	High	False	11_92708710_C_G	ENSG00000134640	0.0	0.0	0.0	0.0	0.0	0.0	0.0	0.0
ProGeM	24625756	rs507080	ENSG00000118094	High	False	11_118549582_G_A	ENSG00000118094	0.1993957703927492	0.0	1.0	0.0	0.0	0.0	0.0	1.0
ProGeM	25500335	rs2110073	ENSG00000111684	High	False	12_7075882_C_T	ENSG00000111684	0.1595166163141994	0.0	0.8	0.0	0.0	0.0	0.0	1.0
ProGeM	27005778	rs4554975	ENSG00000139209	High	False	12_47201814_A_G	ENSG00000139209	0.0	0.0	0.0	0.0	0.0	0.0	0.0	0.0
ProGeM	27005778	rs2657879	ENSG00000135423	High	False	12_56865338_A_G	ENSG00000135423	0.1993957703927492	0.0	0.0	0.0	0.66	0.0	0.0	1.0
ProGeM	27005778	rs7954638	ENSG00000084110	High	False	12_96314795_C_A	ENSG00000084110	0.13957703927492446	0.0	0.7	0.0	0.0	0.0	0.0	0.7000000000000001
ProGeM	27005778	rs1718309	ENSG00000171759	High	False	12_103242396_A_G	ENSG00000171759	0.0	0.0	0.0	0.0	0.0	0.0	0.0	0.0
ProGeM	GLGC	rs2241210	ENSG00000110921	High	False	12_109950144_A_G	ENSG00000110921	0.13957703927492446	0.0	0.7	0.0	0.0	0.0	0.0	0.7000000000000001
ProGeM	24816252	rs2066938	ENSG00000122971	High	False	12_121160615_A_G	ENSG00000122971	0.17945619335347432	0.0	0.9	0.0	0.0	0.0	0.0	0.9473684210526319
ProGeM	GLGC	rs838876	ENSG00000073060	High	False	12_125259888_A_G	ENSG00000073060	0.0	0.0	0.0	0.0	0.0	0.0	0.0	0.0
ProGeM	MAGIC	rs11619319	ENSG00000139515	High	False	13_28487599_A_G	ENSG00000139515	0.0	0.0	0.0	0.0	0.0	0.0	0.0	0.0
ProGeM	Twins UK/Kora	rs4941615	ENSG00000136143	High	False	13_48459901_C_T	ENSG00000136143	0.17945619335347432	0.0	0.9	0.0	0.0	0.0	0.0	1.0
ProGeM	19798445	rs7157785	ENSG00000126821	High	False	14_64235556_G_T	ENSG00000126821	0.0	0.0	0.0	0.0	0.0	0.0	0.0	0.0
ProGeM	21203500	rs7159888	ENSG00000033170	High	False	14_65758642_G_A	ENSG00000033170	0.17945619335347432	0.0	0.0	0.0	0.0	0.0	0.9	1.0
ProGeM	Twins UK/Kora	rs2011069	ENSG00000166183	High	False	14_104608068_A_G	ENSG00000166183	0.0797583081570997	0.0	0.0	0.0	0.0	0.8	0.0	0.8000000000000002
ProGeM	GLGC	rs4983559	ENSG00000142208	High	False	14_105277209_G_A	ENSG00000142208	0.0996978851963746	0.0	0.5	0.0	0.0	0.0	0.0	0.7692307692307692
ProGeM	24816252	rs9635324	ENSG00000128928	High	False	15_40703211_A_G	ENSG00000128928	0.22930513595166166	0.0	0.9	0.0	0.0	0.5	0.0	0.851851851851852
ProGeM	24047826	rs1153858	ENSG00000171766	High	False	15_45652703_C_T	ENSG00000171766	0.1993957703927492	0.0	1.0	0.0	0.0	0.0	0.0	1.0
ProGeM	24816252	rs1365505	ENSG00000140284	High	False	15_50477138_C_T	ENSG00000140284	0.03987915407854985	0.0	0.2	0.0	0.0	0.0	0.0	0.4000000000000001
ProGeM	24049095	rs2414095	ENSG00000137869	High	False	15_51524292_A_G	ENSG00000137869	0.0996978851963746	0.0	0.5	0.0	0.0	0.0	0.0	1.0
ProGeM	24097068	rs1532085	ENSG00000166035	High	False	15_58683366_A_G	ENSG00000166035	0.0	0.0	0.0	0.0	0.0	0.0	0.0	0.0
ProGeM	Twins UK/Kora	rs2404602	ENSG00000140374	High	False	15_77030792_A_G	ENSG00000140374	0.0	0.0	0.0	0.0	0.0	0.0	0.0	0.0
ProGeM	Twins UK/Kora	rs2007084	ENSG00000166825	High	False	15_90345335_G_A	ENSG00000166825	0.059818731117824764	0.0	0.3	0.0	0.0	0.0	0.0	1.0
ProGeM	26352407	rs17702912	ENSG00000158865	High	False	16_25002600_C_T	ENSG00000158865	0.059818731117824764	0.0	0.3	0.0	0.0	0.0	0.0	0.30000000000000004
ProGeM	GLGC	rs247616	ENSG00000087237	High	False	16_56989590_C_T	ENSG00000087237	0.13957703927492446	0.0	0.7	0.0	0.0	0.0	0.0	0.7777777777777777
ProGeM	24816252	rs12709013	ENSG00000125166	High	False	16_58829790_T_C	ENSG00000125166	0.1595166163141994	0.0	0.8	0.0	0.0	0.0	0.0	1.0
ProGeM	24097068	rs16942887	ENSG00000213398	High	False	16_67928042_G_A	ENSG00000213398	0.13957703927492446	0.0	0.7	0.0	0.0	0.0	0.0	0.875
ProGeM	27005778	rs74249229	ENSG00000090857	High	False	16_69979271_C_T	ENSG00000090857	0.0	0.0	0.0	0.0	0.0	0.0	0.0	0.0
ProGeM	22286219	rs4788815	ENSG00000198650	High	False	16_71634811_A_T	ENSG00000198650	0.0	0.0	0.0	0.0	0.0	0.0	0.0	0.0
ProGeM	24097068	rs2000999	ENSG00000257017	High	False	16_72108093_G_A	ENSG00000257017	0.25921450151057396	0.0	0.3	0.0	0.0	0.0	1.0	1.0
ProGeM	27005778	rs10083777	ENSG00000140905	High	False	16_81065282_C_T	ENSG00000140905	0.1595166163141994	0.0	0.8	0.0	0.0	0.0	0.0	0.8000000000000002
ProGeM	19185284	rs6564851	ENSG00000135697	High	False	16_81264597_T_G	ENSG00000135697	0.0	0.0	0.0	0.0	0.0	0.0	0.0	0.0
ProGeM	24816252	rs8051149	ENSG00000103257	High	False	16_87878822_G_A	ENSG00000103257	0.1595166163141994	0.0	0.8	0.0	0.0	0.0	0.0	1.0
ProGeM	23824729	rs154657	ENSG00000015413	High	False	16_89708096_G_A	ENSG00000015413	0.0	0.0	0.0	0.0	0.0	0.0	0.0	0.0
ProGeM	27005778	rs172642	ENSG00000141485	High	False	17_6595398_A_C	ENSG00000141485	0.0	0.0	0.0	0.0	0.0	0.0	0.0	0.0
ProGeM	24816252	rs2271316	ENSG00000108839	High	False	17_6915401_C_G	ENSG00000108839	0.13957703927492446	0.0	0.7	0.0	0.0	0.0	0.0	1.0
ProGeM	21998597	rs12150660	ENSG00000129214	High	False	17_7521915_G_T	ENSG00000129214	0.059818731117824764	0.0	0.3	0.0	0.0	0.0	0.0	0.1764705882352941
ProGeM	Twins UK/Kora	rs748196	ENSG00000133027	High	False	17_17422768_T_G	ENSG00000133027	0.17945619335347432	0.0	0.9	0.0	0.0	0.0	0.0	1.0
ProGeM	GLGC	rs113612868	ENSG00000131748	High	False	17_37821435_G_GT	ENSG00000131748	0.0	0.0	0.0	0.0	0.0	0.0	0.0	0.0
ProGeM	24816252	rs4343	ENSG00000159640	High	False	17_61566031_G_A	ENSG00000159640	0.27915407854984897	0.0	0.9	0.0	0.33	0.0	0.0	1.0
ProGeM	26068415	rs7343008	ENSG00000158201	High	False	18_19263128_T_G	ENSG00000158201	0.0996978851963746	0.0	0.0	0.0	0.0	1.0	0.0	0.6249999999999999
ProGeM	21878437	rs1667255	ENSG00000118271	High	False	18_29187279_A_C	ENSG00000118271	0.0	0.0	0.0	0.0	0.0	0.0	0.0	0.0
ProGeM	22797727	rs7227483	ENSG00000132874	High	False	18_43187130_A_G	ENSG00000132874	0.0	0.0	0.0	0.0	0.0	0.0	0.0	0.0
ProGeM	GLGC	rs4939883	ENSG00000101670	High	False	18_47167214_T_C	ENSG00000101670	0.0996978851963746	0.0	0.5	0.0	0.0	0.0	0.0	1.0
ProGeM	25378659	rs2100944	ENSG00000090661	High	False	19_8281635_G_A	ENSG00000090661	0.1595166163141994	0.0	0.8	0.0	0.0	0.0	0.0	1.0
ProGeM	24507774	rs116843064	ENSG00000167772	High	False	19_8429323_G_A	ENSG00000167772	0.25921450151057396	0.0	0.0	0.0	0.66	0.0	0.3	1.0
ProGeM	GLGC	rs6511720	ENSG00000130164	High	False	19_11202306_G_T	ENSG00000130164	0.049848942598187305	0.0	0.0	0.5	0.0	0.0	0.0	0.625
ProGeM	24816252	rs8012	ENSG00000105607	High	False	19_13010520_A_G	ENSG00000105607	0.3987915407854984	0.0	1.0	0.0	0.66	0.0	0.0	1.0
ProGeM	21729881	rs2108622	ENSG00000186115	High	False	19_15990431_C_T	ENSG00000186115	0.3190332326283988	0.0	0.6	0.0	0.66	0.0	0.0	1.0
ProGeM	24816252	rs4808136	ENSG00000105655	High	False	19_18618867_G_A	ENSG00000105655	0.0996978851963746	0.0	0.5	0.0	0.0	0.0	0.0	0.5
ProGeM	24586186	rs8101881	ENSG00000021488	High	False	19_33364628_C_T	ENSG00000021488	0.2093655589123867	0.0	1.0	0.0	0.0	0.1	0.0	1.0
ProGeM	26407342	rs56113850	ENSG00000255974	High	False	19_41353107_T_C	ENSG00000255974	0.0	0.0	0.0	0.0	0.0	0.0	0.0	0.0
ProGeM	24816252	rs2547231	ENSG00000105398	High	False	19_48385057_C_A	ENSG00000105398	0.1993957703927492	0.0	0.6	0.0	0.0	0.0	0.4	1.0
ProGeM	24586186	rs2287921	ENSG00000176920	High	False	19_49228272_T_C	ENSG00000176920	0.1993957703927492	0.0	1.0	0.0	0.0	0.0	0.0	1.0
ProGeM	24816252	rs2576452	ENSG00000125505	High	False	19_54676433_C_T	ENSG00000125505	0.1595166163141994	0.0	0.7	0.0	0.0	0.2	0.0	0.8000000000000002
ProGeM	26068415	rs4814176	ENSG00000172296	High	False	20_12959398_T_C	ENSG00000172296	0.1595166163141994	0.0	0.8	0.0	0.0	0.0	0.0	1.0
ProGeM	25187374	rs6048216	ENSG00000125798	High	False	20_22581268_T_C	ENSG00000125798	0.0	0.0	0.0	0.0	0.0	0.0	0.0	0.0
ProGeM	GLGC	rs1800961	ENSG00000101076	High	False	20_43042364_C_T	ENSG00000101076	0.1993957703927492	0.0	0.0	0.0	0.66	0.0	0.0	1.0
ProGeM	27005778	rs6073958	ENSG00000100979	High	False	20_44551855_T_C	ENSG00000100979	0.1595166163141994	0.0	0.8	0.0	0.0	0.0	0.0	1.0
ProGeM	26352407	rs941206	ENSG00000158296	High	False	20_45261041_A_C	ENSG00000158296	0.0	0.0	0.0	0.0	0.0	0.0	0.0	0.0
ProGeM	24068962	rs1570669	ENSG00000019186	High	False	20_52774427_A_G	ENSG00000019186	0.0	0.0	0.0	0.0	0.0	0.0	0.0	0.0
ProGeM	26401656	rs1571700	ENSG00000159267	High	False	21_38336834_A_G	ENSG00000159267	0.1993957703927492	0.0	1.0	0.0	0.0	0.0	0.0	1.0
ProGeM	24651765	rs234714	ENSG00000160200	High	False	21_44488033_T_C	ENSG00000160200	0.17945619335347432	0.0	0.9	0.0	0.0	0.0	0.0	1.0
ProGeM	26068415	rs2540641	ENSG00000100033	High	False	22_18959684_C_A	ENSG00000100033	0.03987915407854985	0.0	0.2	0.0	0.0	0.0	0.0	0.28571428571428575
ProGeM	24816252	rs4680	ENSG00000093010	High	False	22_19951271_G_A	ENSG00000093010	0.3788519637462235	0.0	0.9	0.0	0.66	0.0	0.0	1.0
ProGeM	24816252	rs2330809	ENSG00000100031	High	False	22_25002081_C_T	ENSG00000100031	0.0	0.0	0.0	0.0	0.0	0.0	0.0	0.0
ProGeM	24528284	rs1065852	ENSG00000100197	High	False	22_42526694_G_A	ENSG00000100197	0.3987915407854984	0.0	1.0	0.0	0.66	0.0	0.0	1.0
ProGeM	GLGC	rs4253772	ENSG00000186951	High	False	22_46627603_C_T	ENSG00000186951	0.059818731117824764	0.0	0.3	0.0	0.0	0.0	0.0	0.33333333333333326
ProGeM	24816252	rs131794	ENSG00000025708	High	False	22_50971752_A_C	ENSG00000025708	0.17945619335347432	0.0	0.9	0.0	0.0	0.0	0.0	0.7500000000000001
ProGeM	24816252	rs6151429	ENSG00000100299	High	False	22_51063477_T_C	ENSG00000100299	0.1993957703927492	0.0	1.0	0.0	0.0	0.0	0.0	1.0
ProGeM	23823483	rs7883218	ENSG00000123561	High	False	X_105276609_A_G	ENSG00000123561	0.0	0.0	0.0	0.0	0.0	0.0	0.0	0.0
ProGeM	19419973	rs766420	ENSG00000160211	High	False	X_153554404_C_G	ENSG00000160211	0.059818731117824764	0.0	0.0	0.0	0.0	0.6	0.0	0.30000000000000004
